family,test_samples,recall,f1
conficker,1956,0.8553169734151329,0.9220170845963075
corebot,2053,1.0,1.0
cryptolocker,2068,0.9946808510638298,0.9973333333333333
dircrypt,2012,0.9666998011928429,0.9830679807935304
emotet,2005,1.0,1.0
fobber,2038,0.9308145240431795,0.9641677255400254
gozi,1986,0.9340382678751259,0.9658942983598021
kraken,1999,0.961480740370185,0.9803621525121142
matsnu,2040,0.8833333333333333,0.9380530973451328
murofet,1952,0.9984631147540983,0.999230966418867
necurs,2044,0.9863013698630136,0.993103448275862
nymaim,1940,0.6561855670103093,0.7924058512293807
padcrypt,2030,0.9955665024630542,0.9977783263391755
pushdo,2068,0.9294003868471954,0.9634085213032582
pykspa,2056,0.9849221789883269,0.9924038225925018
qadars,2031,0.9901526341703595,0.9950519544779812
ramdo,2040,0.996078431372549,0.9980353634577603
ramnit,2100,0.9614285714285714,0.9803350327749454
ranbyus,2099,0.9980943306336351,0.9990462565569862
rovnix,1980,0.9964646464646465,0.9982291930179611
simda,2040,0.9563725490196079,0.9776998246053621
suppobox,2026,0.9496544916090819,0.9741772151898734
symmi,2018,1.0,1.0
tinba,2021,0.9881246907471549,0.9940268790443006
vawtrak,2023,0.8858131487889274,0.9394495412844037
